{"cameraMode":{"drawMode":0,"name":"Shaded","section":"Shading Mode"},"sceneLighting":false,"audioPlay":false,"sceneViewState":{"showFog":false,"showMaterialUpdate":false,"showSkybox":false,"showFlares":false,"showImageEffects":false,"showParticleSystems":false},"in2DMode":false,"pivot":{"x":652.65283203125,"y":102.36807250976563,"z":-15.133745193481446},"rotation":{"x":0.02458527311682701,"y":-0.01409783586859703,"z":-0.00034620342194102705,"w":-0.9995996952056885},"size":532.1652221679688,"orthographic":false}